{"cameraMode":{"drawMode":0,"name":"Shaded","section":"Shading Mode"},"sceneLighting":false,"audioPlay":false,"sceneViewState":{"m_AlwaysRefresh":false,"showFog":true,"showSkybox":false,"showFlares":true,"showImageEffects":true,"showParticleSystems":true,"showVisualEffectGraphs":true,"m_FxEnabled":true},"in2DMode":false,"pivot":{"x":0.47638511657714846,"y":1.7546322345733643,"z":0.1563100814819336},"rotation":{"x":-0.2115972340106964,"y":0.029899265617132188,"z":-0.006475982256233692,"w":-0.976880669593811},"size":16.448652267456056,"orthographic":false}