{"cameraMode":{"drawMode":0,"name":"Shaded","section":"Shading Mode"},"sceneLighting":false,"audioPlay":false,"sceneViewState":{"m_AlwaysRefresh":false,"showFog":true,"showSkybox":false,"showFlares":true,"showImageEffects":true,"showParticleSystems":true,"showVisualEffectGraphs":true,"m_FxEnabled":true},"in2DMode":false,"pivot":{"x":10.020538330078125,"y":3.3402018547058107,"z":15.040205001831055},"rotation":{"x":-0.35945630073547366,"y":-0.11796051263809204,"z":0.04586246237158775,"w":-0.9245393872261047},"size":0.8660253882408142,"orthographic":false}